{
  "name": "<%= widgetName %>",
  "2D": <%= is2d %>,
  "3D": <%= is3d %>,
  "platform": "<%= platform %>",
  "version": "0.0.1",
  "wabVersion": "<%= wabVersion %>",
  "author": "<%- author %>",
  "description": "<%= description %>",
  "copyright": "",
  "license": "<%= license %>",
  "properties": {
    "inPanel": <%= inPanel %>,
    "hasLocale": <%= hasLocale %>,
    "hasStyle": <%= hasStyle %>,
    "hasConfig": <%= hasConfig %>,
    "hasUIFile": <%= hasUIFile %>,
    "hasSettingPage": <%= hasSettingPage %>,
    "hasSettingUIFile": <%= hasSettingUIFile %>,
    "hasSettingLocale": <%= hasSettingLocale %>,
    "hasSettingStyle": <%= hasSettingStyle %>,
    "IsController": false
  }
}
